{
  "storypoints": [
    {
      "value": 0.5
    },
    {
      "value": 1
    },
    {
      "value": 2
    },
    {
      "value": 3
    },
    {
      "value": 5
    },
    {
      "value": 8
    },
    {
      "value": 13
    }
  ],
  "storyboard": [
    {
      "title": "test",
      "estimation": "1",
      "state": 0,
      "priority": false,
      "id": 1
    },
    {
      "title": "test two",
      "estimation": "13",
      "state": 0,
      "priority": true,
      "id": 2
    },
    {
      "title": "leggo",
      "estimation": 0.5,
      "state": 0,
      "priority": false,
      "id": 3
    },
    {
      "title": "again",
      "estimation": 0.5,
      "state": 0,
      "priority": true,
      "id": 4
    }
  ]
}